id,artist,title,album,song_art,reviewer,review,media_url,genre1,genre2,genre3,curator1,curator2,curator3,rdio,spotify,itunes,ASIN
74,5 Seconds Of Summer,She Looks So Perfect,5 Seconds Of Summer,/assets/img/2014/12/03/5seconds-1-web_sq.jpg,Jacob Ganz,Tk Tk Tk Tk Tk Tk Tk Tk Tk Tk Tk Tk \,/npr/specialmusic/2014/12/20141203_specialmusic_5seconds,Pop,,,Ann Powers,,,,,,
34,A Far Cry,Hearne: Palindrome for Andrew Norman,The Law Of Mosaics,/assets/img/2014/12/03/afarcry_sq.jpg,Tom Huizenga,Tk Tk Tk Tk Tk Tk Tk Tk Tk Tk Tk Tk \,/npr/specialmusic/2014/12/20141203_specialmusic_afarcry_palindromeforan,Classical,,,,,,,,,
181,A Winged Victory For The Sullen,ATOMOS IX,ATOMOS,,Robin Hilton,Tk Tk Tk Tk Tk Tk Tk Tk Tk Tk Tk Tk \,/npr/specials/2014/12/20141204_specials_winged,,,,Robin Hilton,,,,,,
182,Adanowsky,Dancing To The Radio,ADA,,Jasmine Garsd,Tk Tk Tk Tk Tk Tk Tk Tk Tk Tk Tk Tk \,/npr/specials/2014/12/20141204_specials_adanowsky,,,,Jasmie Garsd,,,,,,
1,Adia Victoria,Stuck in the South,Stuck in the South,/assets/img/2014/12/03/adia-stuck-single-cover_sq.jpg,Ann Powers,Tk Tk Tk Tk Tk Tk Tk Tk Tk Tk Tk Tk \,/npr/ascsongs/2014/08/20140805_ascsongs_03,Folk / Americana,,,Ann Powers,Lars Gotrich,Tom Huizenga,http://rd.io/x/QURQbDdcSw0X/,http://open.spotify.com/album/5247Y7YI9Xsb8YStgx42DI,https://itunes.apple.com/us/album/stuck-in-the-south/id902517003?i=902517121&uo=4,B00M2CXAW4
100,Afterhours,Defragment #2,Lowlife,/assets/img/2014/12/03/afterhours_sq.jpg,Otis Hart,Tk Tk Tk Tk Tk Tk Tk Tk Tk Tk Tk Tk \,/npr/specialmusic/2014/12/20141203_specialmusic_afterhours,Electronic / Dance,,,Anastasia Tsioulcas,,,,,,
105,Afternoons,Say Yes,Say Yes,/assets/img/2014/12/04/afternoons_sq.jpg,Robin Hilton,Tk Tk Tk Tk Tk Tk Tk Tk Tk Tk Tk Tk \,/npr/ascsongs/2014/09/20140923_ascsongs_01,Rock,Pop,,Jason King,Robin Hilton,,,,,
183,Against Me!,Transgender Dysphoria Blues,Transgender Dysphoria Blues,/assets/img/2014/12/05/againstme_sq.jpg,Jacob Ganz,Tk Tk Tk Tk Tk Tk Tk Tk Tk Tk Tk Tk \,/npr/specials/2014/12/20141204_specials_against,\m/ >_< \m/,,,Lars Gotrich,,,,,,
184,AJ Davila,Dura Como Piedra (feat. Selma Oxor),Terror Amor,,Jacob Ganz,Tk Tk Tk Tk Tk Tk Tk Tk Tk Tk Tk Tk \,/npr/specials/2014/12/20141204_specials_aj,,,,Jasmie Garsd,,,,,,
140,Alika Y Nueva Alianza,Big Up,Mi Palabra Mi Alma,/assets/img/2014/12/04/alika_sq.jpg,Jasmine Garsd,Tk Tk Tk Tk Tk Tk Tk Tk Tk Tk Tk Tk \,/npr/specials/2014/12/20141204_specials_alika,Latin,,,Felix Contreras,Jasmine Garsd,,,,,
29,Alt-J,Hunger Of The Pine,This Is All Yours,/assets/img/2014/11/06/alt-j-this-is-all-yours-coloured-vinyl_sq.jpg,Bob Boilen,Tk Tk Tk Tk Tk Tk Tk Tk Tk Tk Tk Tk \,/npr/ascsongs/2014/12/20141202_ascsongs_hunger,Rock,,,Bob Boilen,Kevin Cole,David Dye,,,,
70,Alt-J,Left Hand Free,This Is All Yours,,Robin Hilton,Tk Tk Tk Tk Tk Tk Tk Tk Tk Tk Tk Tk \,/npr/ascsongs/2014/12/20141202_ascsongs_left,Rock,,,,,,,,,
157,ALTA,Wash It Down,Wash It Down,/assets/img/2014/12/04/altya_sq.jpg,Jacob Ganz,Tk Tk Tk Tk Tk Tk Tk Tk Tk Tk Tk Tk \,/npr/specialmusic/2014/12/20141203_specialmusic_alta,R&B,,,,,,,,,
185,Alvvays,"Archie, Marry Me",Alvvays,/assets/music/programs/asc/2014/06/alvvays_sq.jpg,Jacob Ganz,Tk Tk Tk Tk Tk Tk Tk Tk Tk Tk Tk Tk \,/npr/specials/2014/12/20141204_specials_alvvaus,,,,Kevin Cole,,,,,,
186,Amber London,Hard 2 Find,Hard 2 Find (Not Found),/assets/img/2014/10/27/amberlondon_sq.jpg,Jacob Ganz,Tk Tk Tk Tk Tk Tk Tk Tk Tk Tk Tk Tk \,/npr/specials/2014/12/20141204_specials_amber,,,,Frannie Kelley,,,,,,
187,Ambrose Akinmusire,Our Basement (feat. Becca Stevens),The Imagined Savior is Far Easier to Paint,,Jacob Ganz,Tk Tk Tk Tk Tk Tk Tk Tk Tk Tk Tk Tk \,/npr/specials/2014/12/20141204_specials_ambrose,,,,Patrick Jarenwattananon,,,,,,
188,Amen Dunes,Lonely Richard,Love,,Jacob Ganz,Tk Tk Tk Tk Tk Tk Tk Tk Tk Tk Tk Tk \,/npr/specials/2014/12/20141204_specials_amen,,,,,,,,,,
19,Ana Tijoux,Vengo,Vengo,/assets/img/2014/12/02/anatijoux_sq.jpg,Jasmine Garsd,Tk Tk Tk Tk Tk Tk Tk Tk Tk Tk Tk Tk \,/npr/ascsongs/2014/12/20141202_ascsongs_vengo,Latin,,,Jasmine Garsd,David Dye,Tom Huizenga,,,,
35,Andre Laos,Yield,Roundabout,/assets/img/2014/12/03/andrewlaos_sq.jpg,Otis Hart,Tk Tk Tk Tk Tk Tk Tk Tk Tk Tk Tk Tk \,/npr/specialmusic/2014/12/20141203_specialmusic_andrelaos_yield,Electronic / Dance,,,,,,,,,
36,Andrew Ashong,Love The Way,Andrew Ashong,/assets/img/2014/12/03/andrewashong_andrewashongep_whichwayrecords_sq.jpg,Otis Hart,Tk Tk Tk Tk Tk Tk Tk Tk Tk Tk Tk Tk \,/npr/specialmusic/2014/12/20141203_specialmusic_andrewashong_lovetheway,R&B,,,,,,,,,
13,Angel Olsen,Unfucktheworld,Burn Your Fire For No Witness,/assets/img/2014/10/28/jag244_sq.jpg,Robin Hilton,Tk Tk Tk Tk Tk Tk Tk Tk Tk Tk Tk Tk \,/npr/ascsongs/2014/12/20141202_ascsongs_unfuck,Rock,,,Robin Hilton,Ann Powers,,,,,
14,Angel Olsen,Forgiven/Forgotten,Burn Your Fire For No Witness,/assets/img/2014/10/28/jag244_sq.jpg,Bob Boilen,Tk Tk Tk Tk Tk Tk Tk Tk Tk Tk Tk Tk \,/npr/ascsongs/2014/12/20141202_ascsongs_forgiven,Rock,,,Bob Boilen,Kevin Cole,Tom Huizenga,,,,
31,Aphex Twin,minipops 67 [120.2][source field mix],Syro,/assets/img/2014/09/30/Syro%20real_sq.jpg,Otis Hart,Tk Tk Tk Tk Tk Tk Tk Tk Tk Tk Tk Tk \,/npr/ascsongs/2014/12/20141202_ascsongs_minipops,Electronic / Dance,,,Jason Bentley,Kevin Cole,Tom Huizenga,,,,
189,Ariana Grande,Break Free (feat. Zedd),Break Free,,Jacob Ganz,Tk Tk Tk Tk Tk Tk Tk Tk Tk Tk Tk Tk \,/npr/specials/2014/12/20141204_specials_ariana,,,,Jason King,,,,,,
152,Ásgeir,King and Cross,In The Silence,/assets/img/2014/12/04/asgeir_sq.jpg,Bob Boilen,Tk Tk Tk Tk Tk Tk Tk Tk Tk Tk Tk Tk \,/npr/specialmusic/2014/12/20141203_specialmusic_asgeir,Rock,,,Kevin Cole,Rita Houston,,,,,
190,Audrey Horne,Out of the City,Pure Heavy,/assets/img/2014/12/05/pureheavy_sq.jpg,Jacob Ganz,Tk Tk Tk Tk Tk Tk Tk Tk Tk Tk Tk Tk \,/npr/specials/2014/12/20141204_specials_audrey,\m/ >_< \m/,,,Lars Gotrich,,,,,,
99,Ausmuteants,Bad Day,Amusements,/assets/img/2014/12/03/ausmuteants_sq.jpg,Otis Hart,Tk Tk Tk Tk Tk Tk Tk Tk Tk Tk Tk Tk \,/npr/specialmusic/2014/12/20141203_specialmusic_ausmuteants,Rock,,,Anastasia Tsioulcas,,,,,,
191,Azealia Banks,Idle Delilah,Broke With Expensive Taste,,Jacob Ganz,Tk Tk Tk Tk Tk Tk Tk Tk Tk Tk Tk Tk \,/npr/specials/2014/12/20141204_specials_azealia,,,,Jason King,,,,,,
192,Baby Ace,I'm Talkin' Bout (feat. Rob Gullatte),I'm Talkin' Bout,,Jacob Ganz,Tk Tk Tk Tk Tk Tk Tk Tk Tk Tk Tk Tk \,/npr/specials/2014/12/20141204_specials_baby,,,,Frannie Kelley,,,,,,
139,Bang on a Can All-Stars & Trio Mediaeval,Wolfe: Some Say,Steel Hammer,/assets/img/2014/12/04/bangonacan_sq.jpg,Anastasia Tsioulcas,Tk Tk Tk Tk Tk Tk Tk Tk Tk Tk Tk Tk \,,Classical,,,Anastasia Tsioulcas,Felix Contreras,,,,,
37,Beach Slang,Dirty Cigarettes,Cheap Thrills On A Dead End Street,/assets/img/2014/12/03/beach_slang_cheap_thrills_ep_1400_1024x1024_sq.jpg,Lars Gotrich,Tk Tk Tk Tk Tk Tk Tk Tk Tk Tk Tk Tk \,/npr/specialmusic/2014/12/20141203_specialmusic_beachslang_dirtycigarettes,Rock,,,,,,,,,
136,Beck,Morning,Morning Phase,/assets/img/2014/12/04/beck_sq.jpg,Bob Boilen,Tk Tk Tk Tk Tk Tk Tk Tk Tk Tk Tk Tk \,/npr/specialmusic/2014/12/20141203_specialmusic_beck,Rock,,,David Dye,Bob Boilen,Robin Hilton,,,,
193,Béla Fleck & Abigail Washburn,Shotgun Blues,Béla Fleck & Abigail Washburn,,Jacob Ganz,Tk Tk Tk Tk Tk Tk Tk Tk Tk Tk Tk Tk \,/npr/specials/2014/12/20141204_specials_bela,,,,Felix Contreras,,,,,,
158,Ben Frost,Venter,A U R O R A,/assets/img/2014/12/04/benfrost_sq.jpg,Jacob Ganz,Tk Tk Tk Tk Tk Tk Tk Tk Tk Tk Tk Tk \,/npr/specialmusic/2014/12/20141203_specialmusic_benfrost,Electronic / Dance,,,,,,,,,
146,Ben Khan,Youth,1992,/assets/img/2014/12/04/benkhan_sq.jpg,Bobby Carter,Tk Tk Tk Tk Tk Tk Tk Tk Tk Tk Tk Tk \,/npr/specialmusic/2014/12/20141203_specialmusic_benkhan,R&B,,,Frannie Kelley,Jason King,,,,,
97,Benjamin Booker,Have You Seen My Son,Benjamin Booker,/assets/img/2014/12/03/benjaminbooker_sq.jpg,Ann Powers,Tk Tk Tk Tk Tk Tk Tk Tk Tk Tk Tk Tk \,/npr/specialmusic/2014/12/20141203_specialmusic_benjaminbooker,Rock,,,Ann Powers,Kevin Cole,Patrick Jarenwattananon,,,,
194,Bernhoft,Come Around With Me,Islander,/assets/img/2014/12/05/bernhoft_sq.jpg,Jacob Ganz,Tk Tk Tk Tk Tk Tk Tk Tk Tk Tk Tk Tk \,/npr/specials/2014/12/20141204_specials_bernhoft,,,,Rita Houston,,,,,,
127,Beyoncé,Flawless feat. Nicki Minaj,Beyoncé [Platinum Edition],/assets/img/2014/12/04/beyonc--platinum-edition-2014-1400x1400_sq.png,Ann Powers,Tk Tk Tk Tk Tk Tk Tk Tk Tk Tk Tk Tk \,/npr/specialmusic/2014/12/20141203_specialmusic_beyonce,Pop,,,Ann Powers,Patrick Jarenwattananon,Tom Huizenga,,,,
120,Big K.R.I.T.,Mt. Olympus,Cadillactica,/assets/img/2014/12/04/bigkrit_sq.jpg,Jacob Ganz,Tk Tk Tk Tk Tk Tk Tk Tk Tk Tk Tk Tk \,/npr/fl/2014/10/20141028_fl_krit16,Hip-Hop,,,,,,,,,
22,Bing & Ruth,The Towns We Love Is Our Town,Tomorrow Was The Golden Age,/assets/img/2014/12/02/bingruth_sq.jpg,Sami Yenigun,Tk Tk Tk Tk Tk Tk Tk Tk Tk Tk Tk Tk \,/npr/ascsongs/2014/12/20141202_ascsongs_thetowns,Electronic / Dance,,,Robin Hilton,,,,,,
159,BJ The Chicago Kid,Soul Of A Woman,Soul Of A Woman,/assets/img/2014/12/04/bjchicago_sq.jpg,Jacob Ganz,Tk Tk Tk Tk Tk Tk Tk Tk Tk Tk Tk Tk \,/npr/specialmusic/2014/12/20141203_specialmusic_bj,R&B,,,,,,,,,
195,Bobby Shmurda,Hot N----,Hot N----,,Jacob Ganz,Tk Tk Tk Tk Tk Tk Tk Tk Tk Tk Tk Tk \,/npr/specials/2014/12/20141204_specials_bobby,,,,Jason Bentley,,,,,,
38,Brian Blade & The Fellowship Band,Ark.La.Tex.,Landmarks,/assets/img/2014/12/03/brianblade__sq.jpg,Patrick Jarenwattananon,Tk Tk Tk Tk Tk Tk Tk Tk Tk Tk Tk Tk \,/npr/specialmusic/2014/12/20141203_specialmusic_brianblade_arklatex,Jazz,,,,,,,,,
104,BRONCHO,Class Historian,Just Enough Hip To Be Woman,/assets/img/2014/12/04/broncho-just-enough-hip-to-be-woman_sq.jpg,Robin Hilton,Tk Tk Tk Tk Tk Tk Tk Tk Tk Tk Tk Tk \,/npr/asc/2014/07/20140708_asc_01,Rock,,,Robin Hilton,Kevin Cole,,,,,
141,Calle 13,Asi De Grande Son Las Ideas,MultiViral,/assets/img/2014/12/04/calle_13-multi-viral-frontal_sq.jpg,Jasmine Garsd,Tk Tk Tk Tk Tk Tk Tk Tk Tk Tk Tk Tk \,/npr/specialmusic/2014/12/20141203_specialmusic_calle,Latin,,,Felix Contreras,Jasmine Garsd,,,,,
211,Cam'ron & A-Trak,Dipsh---,Federal Reserve,,Jacob Ganz,Tk Tk Tk Tk Tk Tk Tk Tk Tk Tk Tk Tk \,/npr/specials/2014/12/20141204_specials_federal,,,,Frannie Kelley,,,,,,
11,Cameron Carpenter,Bernstein: Candide Overture,If You Could Read My Mind,/assets/img/2014/12/02/cameroncarpenter_iycrmm_cvr_5x5_lr_sq.jpg,Tom Huizenga,Tk Tk Tk Tk Tk Tk Tk Tk Tk Tk Tk Tk \,/npr/ascsongs/2014/12/20141202_ascsongs_candide,Classical,,,Tom Huizenga,,,,,,
92,Caribou,Our Love,Our Love,/assets/img/2014/12/03/caribou-our-love_sq.jpg,Saidah Blount,Tk Tk Tk Tk Tk Tk Tk Tk Tk Tk Tk Tk \,/npr/specialmusic/2014/12/20141203_specialmusic_caribou,Electronic / Dance,,,Jason Bentley,Patrick Jarenwattananon,Jasmine Garsd,,,,
196,Cayetana,"Scott Get The Van, I'm Moving",Nervous Like Me,/assets/img/2014/10/21/nervous-like-me-1_sq.jpg,Jacob Ganz,Tk Tk Tk Tk Tk Tk Tk Tk Tk Tk Tk Tk \,/npr/specials/2014/12/20141204_specials_cayetana,,,,Lars Gotrich,,,,,,
101,Ceci Bastida,Cuando Te Tenga,La Edad De La Violencia,/assets/img/2014/12/04/ceci_sq.jpg,Jasmine Garsd,Tk Tk Tk Tk Tk Tk Tk Tk Tk Tk Tk Tk \,/npr/altlatsongs/2014/12/20141203_altlatsongs_ceci,Latin,,,Ann Powers,Felix Contreras,Jasmine Garsd,,,,
197,Chance The Rapper & The Social Experiment,Wonderful Everyday: Arthur,Wonderful Everyday: Arthur,,Jacob Ganz,Tk Tk Tk Tk Tk Tk Tk Tk Tk Tk Tk Tk \,/npr/specials/2014/12/20141204_specials_chance,,,,David Dye,,,,,,
198,Charli XCX,Boom Clap,Boom Clap,,Jacob Ganz,Tk Tk Tk Tk Tk Tk Tk Tk Tk Tk Tk Tk \,/npr/specials/2014/12/20141204_specials_charli,,,,Lars Gotrich,,,,,,
135,Chet Faker,1998,Built on Glass,/assets/img/2014/12/04/chet-built_on_glass_sq.jpg,Bob Boilen,Tk Tk Tk Tk Tk Tk Tk Tk Tk Tk Tk Tk \,/npr/specialmusic/2014/12/20141203_specialmusic_chetfaker,Rock,,,Bob Boilen,Jason Bentley,David Dye,,,,
199,Chingo Bling,Cerveza,The Menudo Mix,,Jacob Ganz,Tk Tk Tk Tk Tk Tk Tk Tk Tk Tk Tk Tk \,/npr/specials/2014/12/20141204_specials_chingo,,,,Jasmine Garsd,,,,,,
200,Chris Brown,New Flame (feat. Usher),New Flame,,Jacob Ganz,Tk Tk Tk Tk Tk Tk Tk Tk Tk Tk Tk Tk \,/npr/specials/2014/12/20141204_specials_chris,,,,Frannie Kelley,,,,,,
8,Chris Staples,Dark Side Of The Moon,American Soft,/assets/img/2014/12/03/chrisstaples_americansoft_1500px_300dpi_rgb_sq.jpg,Robin Hilton,Tk Tk Tk Tk Tk Tk Tk Tk Tk Tk Tk Tk \,/npr/asc/2014/06/20140617_asc_05,Rock,,,Robin Hilton,,,http://rd.io/x/QURQbDddFgsm/,http://open.spotify.com/track/1sbVq17jPcMkwtdTViP8ob,https://itunes.apple.com/us/album/dark-side-of-the-moon/id898788924?i=898788943&uo=4,B00MI2A508
39,Christian Rich,Real Love (feat. Angela McCluskey),SS14,/assets/img/2014/12/03/christianrich_sq.jpg,Kiana Fitzgerald,Tk Tk Tk Tk Tk Tk Tk Tk Tk Tk Tk Tk \,/npr/specialmusic/2014/12/20141203_specialmusic_christianrich_reallove,Hip-Hop,R&B,,,,,,,,
40,Chumped,Hot 97 Summer Jam,Teenage Retirement,/assets/img/2014/12/03/chumped_sq.jpg,Lars Gotrich,Tk Tk Tk Tk Tk Tk Tk Tk Tk Tk Tk Tk \,/npr/specialmusic/2014/12/20141203_specialmusic_chumped_hot97summerjam,Rock,,,Lars Gotrich,,,,,,
201,Cilantro Boombox,Fears Away,Fears Away,,Jacob Ganz,Tk Tk Tk Tk Tk Tk Tk Tk Tk Tk Tk Tk \,/npr/specials/2014/12/20141204_specials_cilantro,,,,Felix Contreras,,,,,,
148,Clean Bandit,Rather Be,New Eyes,/assets/img/2014/12/04/cleanbandit_sq.jpg,Ann Powers,Tk Tk Tk Tk Tk Tk Tk Tk Tk Tk Tk Tk \,/npr/specialmusic/2014/12/20141203_specialmusic_cleanbandit,Pop,,,Jason King,Jason Bentley,,,,,
153,Conor Oberst,Hundreds of Ways,Upside Down Mountain,/assets/img/2014/12/04/conoroberst_sq.jpg,Robin Hilton,Tk Tk Tk Tk Tk Tk Tk Tk Tk Tk Tk Tk \,/npr/specialmusic/2014/12/20141203_specialmusic_conor,Rock,,,Kevin Cole,Rita Houston,,,,,
41,Conspirare,Kyr: Transcending: And Love Remains,The Cloud of Unknowing / Songs of the Soul,/assets/img/2014/12/03/kyr_cover_sq.jpg,Tom Huizenga,Tk Tk Tk Tk Tk Tk Tk Tk Tk Tk Tk Tk \,/npr/specialmusic/2014/12/20141203_specialmusic_conspirare_transcending,Classical,,,Tom Huizenga,,,,,,
202,Cormega,Honorable (feat. Raekwon),Mega Philosophy,,Jacob Ganz,Tk Tk Tk Tk Tk Tk Tk Tk Tk Tk Tk Tk \,/npr/specials/2014/12/20141204_specials_cormega,,,,Felix Contreras,,,,,,
90,Damien Jurado,Silver Timothy,Brothers and Sisters of the Eternal Son,/assets/img/2014/12/03/damienjurado_brothersandsistersoftheeternalson_sq.jpg,Robin Hilton,Tk Tk Tk Tk Tk Tk Tk Tk Tk Tk Tk Tk \,/npr/specialmusic/2014/12/20141203_specialmusic_damien,Rock,,,David Dye,Robin Hilton,Kevin Cole,,,,
119,Damien Rice,My Favourite Faded Fantasy,My Favourite Faded Fantasy,/assets/img/2014/12/04/damienrice_sq.jpg,Robin Hilton,Tk Tk Tk Tk Tk Tk Tk Tk Tk Tk Tk Tk \,/npr/fl/2014/10/20141027_fl_dr01,Rock,,,Robin Hilton,David Dye,Rita Houston,,,,
42,Danish String Quartet,Sonderho Bridal Trilogy Pt. II,Wood Works,/assets/img/2014/12/03/danishstringquartet_sq.jpg,Tom Huizenga,Tk Tk Tk Tk Tk Tk Tk Tk Tk Tk Tk Tk \,/npr/specialmusic/2014/12/20141203_specialmusic_danishstringquartet_sonderhobridaltriology,World,Classical,,Tom Huizenga,Anastasia Tsioulcas,,,,,
203,David Bowie,Sue (Or In A Season Of Crime),Nothing Has Changed,,Jacob Ganz,Tk Tk Tk Tk Tk Tk Tk Tk Tk Tk Tk Tk \,/npr/specials/2014/12/20141204_specials_bowie,,,,Patrick Jarenwattananon,,,,,,
204,David Lindes,Caminante Caminando,David Lindes,,Jacob Ganz,Tk Tk Tk Tk Tk Tk Tk Tk Tk Tk Tk Tk \,/npr/specials/2014/12/20141204_specials_david,,,,Felix Contreras,,,,,,
126,David Nail,The Secret,I'm A Fire,/assets/img/2014/12/04/davidnailfire_sq.jpg,Ann Powers,Tk Tk Tk Tk Tk Tk Tk Tk Tk Tk Tk Tk \,/npr/specialmusic/2014/12/20141203_specialmusic_david,Country,,,Ann Powers,Tom Huizenga,,,,,
205,Death Vessel,Ilsa Drown,Island Intervals,,Jacob Ganz,Tk Tk Tk Tk Tk Tk Tk Tk Tk Tk Tk Tk \,/npr/specials/2014/12/20141204_specials_death,,,,Stephen Thompson,,,,,,
15,Deerhoof,Paradise Girls,La Isla Bonita,/assets/img/2014/10/28/deerhoof_cvr_sq.jpg,Robin Hilton,Tk Tk Tk Tk Tk Tk Tk Tk Tk Tk Tk Tk \,/npr/ascsongs/2014/12/20141202_ascsongs_paradise,Rock,,,Robin Hilton,,,,,,
206,Disclosure,F For You (feat. Mary J. Blige),Settle (Deluxe Edition),,Jacob Ganz,Tk Tk Tk Tk Tk Tk Tk Tk Tk Tk Tk Tk \,/npr/specials/2014/12/20141204_specials_disclosure,,,,Jason King,,,,,,
207,DJ Quik,Pet Sematary,The Midnight Life,,Jacob Ganz,Tk Tk Tk Tk Tk Tk Tk Tk Tk Tk Tk Tk \,/npr/specials/2014/12/20141204_specials_quik,,,,Frannie Kelley,,,,,,
160,Doug Seegers,Going Down To The River,Going Down To The River,/assets/img/2014/12/04/dougseegers_sq.jpg,Jacob Ganz,Tk Tk Tk Tk Tk Tk Tk Tk Tk Tk Tk Tk \,/npr/specialmusic/2014/12/20141203_specialmusic_doug,Country,,,,,,,,,
208,Drive-By Truckers,Grand Canyon,English Oceans,,Jacob Ganz,Tk Tk Tk Tk Tk Tk Tk Tk Tk Tk Tk Tk \,/npr/specials/2014/12/20141204_specials_driveby,,,,Ann Powers,,,,,,
209,Dylan Shearer,Meadow Mines (Fort Polio),Garagearray,,Jacob Ganz,Tk Tk Tk Tk Tk Tk Tk Tk Tk Tk Tk Tk \,/npr/specials/2014/12/20141204_specials_dylan,,,,Robin Hilton,,,,,,
12,Ela Stiles,Drone Transitions,Ela Stiles,/assets/img/2014/12/03/ela-stiles---ela-stiles---cover_hi_sq.jpg,Otis Hart,Tk Tk Tk Tk Tk Tk Tk Tk Tk Tk Tk Tk \,/npr/specialmusic/2014/12/20141203_specialmusic_elastiles,Electronic / Dance,,,Anastasia Tsioulcas,,,,,,
210,Elbow,New York Morning,The Take Off and Landing Of Everything,,Jacob Ganz,Tk Tk Tk Tk Tk Tk Tk Tk Tk Tk Tk Tk \,/npr/specials/2014/12/20141204_specials_elbow,,,,Rita Houston,,,,,,
87,EMA,So Blonde,The Future's Void,/assets/img/2014/12/03/ema_sq.jpg,Ann Powers,Tk Tk Tk Tk Tk Tk Tk Tk Tk Tk Tk Tk \,/npr/specialmusic/2014/12/20141203_specialmusic_ema,Rock,,,Ann Powers,,,,,,
3,Eno-Hyde,DBF,High Life,/assets/img/2014/11/20/eno-hyde_sq.jpg,Ann Powers,Tk Tk Tk Tk Tk Tk Tk Tk Tk Tk Tk Tk \,/npr/asc/2014/07/20140708_asc_04,Rock,,,Bob Boilen,Lars Gotrich,Tom Huizenga,http://rd.io/x/QURQbDdcYkcQ/,http://open.spotify.com/track/7bBZrJo9aKHvS82ZK6Jofb,https://itunes.apple.com/us/album/dbf/id882740748?i=882746541&uo=4,B00L9JLSS4
112,Eric Church,Give Me Back My Hometown,The Outsiders,/assets/img/2014/12/04/erichurch_sq.jpg,Jacob Ganz,Tk Tk Tk Tk Tk Tk Tk Tk Tk Tk Tk Tk \,/npr/fl/2014/02/20140203_fl_echurch11,Country,,,,,,,,,
24,Ex Hex,Don't Wanna Lose,Rips,/assets/img/2014/12/02/exhex_sq.jpg,Robin Hilton,Tk Tk Tk Tk Tk Tk Tk Tk Tk Tk Tk Tk \,/npr/ascsongs/2014/12/20141202_ascsongs_dontwanna,Rock,,,Lars Gotrich,Kevin Cole,,,,,
85,Factory Floor,How You Say (Redux),How You Say - EP 2,/assets/img/2014/12/03/factoryfloor_sq.jpg,Otis Hart,Tk Tk Tk Tk Tk Tk Tk Tk Tk Tk Tk Tk \,/npr/specialmusic/2014/12/20141203_specialmusic_factoryfloor,Electronic / Dance,,,Anastasia Tsioulcas,,,,,,
156,Father John Misty,Bored In The USA,Bored In The USA,,Robin Hilton,Tk Tk Tk Tk Tk Tk Tk Tk Tk Tk Tk Tk \,/npr/ascsongs/2014/11/20141124_ascsongs_boredusa,Rock,,,Robin Hilton,,,,,,
212,Fennesz,The Liar,Bécs,,Jacob Ganz,Tk Tk Tk Tk Tk Tk Tk Tk Tk Tk Tk Tk \,/npr/specials/2014/12/20141204_specials_fennesz,,,,Robin Hilton,,,,,,
144,First Aid Kit,Shattered & Hollow,Stay Gold,/assets/img/2014/12/04/first-aid-kit-stay-gold_sq.jpg,Stephen Thompson,Tk Tk Tk Tk Tk Tk Tk Tk Tk Tk Tk Tk \,/npr/specialmusic/2014/12/20141203_specialmusic_firstaid,Folk / Americana,Rock,,Stephen Thompson,Jason Bentley,Kevin Cole,,,,
44,FKA twigs,Two Weeks,LP1,/assets/img/2014/12/03/fka-twigs_sq.jpeg,Ann Powers,Tk Tk Tk Tk Tk Tk Tk Tk Tk Tk Tk Tk \,/npr/specialmusic/2014/12/20141203_specialmusic_fkatwigs_twoweeks,Pop,R&B,,Jason King,Jason Bentley,Kevin Cole,,,,
4,Floating Points,King Bromeliad,King Bromeliad,/assets/img/2014/06/26/kingbromeliad_sq-945f20a8a53c301daf42e1ea932e3f07ef50f103-s800-c85.jpg,Sami Yenigun,Tk Tk Tk Tk Tk Tk Tk Tk Tk Tk Tk Tk \,/npr/blog/2014/06/20140625_blog_floating,Electronic / Dance,,,,,,http://rd.io/x/QURQbDddoRbr/,http://open.spotify.com/album/16uv3keKqYiWt79hQcgGR2,https://itunes.apple.com/us/album/king-bromeliad/id885825925?i=885825926&uo=4,B00KTN3DYI
138,Flying Lotus,Never Catch Me (feat. Kendrick Lamar),You're Dead!,/assets/img/2014/12/04/flyinglotus_sq.jpg,Kiana Fitzgerald,Tk Tk Tk Tk Tk Tk Tk Tk Tk Tk Tk Tk \,/npr/specialmusic/2014/12/20141203_specialmusic_flyinglotus,R&B,Electronic / Dance,,Lars Gotrich,Patrick Jarenwattananon,Felix Contreras,,,,
213,Freddie Gibbs & Madlib,Shame,Piñata,,Jacob Ganz,Tk Tk Tk Tk Tk Tk Tk Tk Tk Tk Tk Tk \,/npr/specials/2014/12/20141204_specials_freddie,,,,Frannie Kelley,,,,,,
72,Future,Benz Friends (feat. Andre 3000),Honest,/assets/img/2014/12/03/future-honest_v2b_r2_sq.jpg,Frannie Kelley,Tk Tk Tk Tk Tk Tk Tk Tk Tk Tk Tk Tk \,/npr/specialmusic/2014/12/20141203_specialmusic_futurebenz,Hip-Hop,,,Frannie Kelley,,,,,,
17,Future Islands,Seasons (Waiting On You),Singles,/assets/img/2014/12/02/futureislands_sq.jpg,David Dye,Tk Tk Tk Tk Tk Tk Tk Tk Tk Tk Tk Tk \,/npr/ascsongs/2014/12/20141202_ascsongs_seasons,Rock,,,David Dye,Kevin Cole,,,,,
161,FYFE,For You,For You,/assets/img/2014/12/04/fyfe_sq.jpg,Jacob Ganz,Tk Tk Tk Tk Tk Tk Tk Tk Tk Tk Tk Tk \,/npr/specialmusic/2014/12/20141203_specialmusic_fyfe,R&B,,,,,,,,,
128,Gabriel Kahane,Empire Liquor Mart,The Ambassador,,Tom Huizenga,Tk Tk Tk Tk Tk Tk Tk Tk Tk Tk Tk Tk \,/npr/fl/2014/05/20140519_fl_gk05,Rock,Classical,,Tom Huizenga,,,,,,
215,Gem Club,Michael,In Roses,,,Tk Tk Tk Tk Tk Tk Tk Tk Tk Tk Tk Tk \,/npr/specialmusic/2014/12/20141205_specialmusic_gemclub,,,,,,,,,,
178,Gina Chavez,Miles De Millas,Up.Rooted,/assets/img/2014/12/03/gina-chavez-up-rooted_sq.jpg,Felix Contreras,Tk Tk Tk Tk Tk Tk Tk Tk Tk Tk Tk Tk \,/npr/altlat/2011/03/20110315_altlat_miles,,,,Felix Contreras,,,,,,
45,Girma Yifrashewa,Sememen,Love and Peace,/assets/img/2014/12/03/girmayifrashewa_sq.jpg,Anastasia Tsioulcas,Tk Tk Tk Tk Tk Tk Tk Tk Tk Tk Tk Tk \,/npr/specialmusic/2014/12/20141203_specialmusic_girmayifrashewa_sememen,Classical,World,,Jason King,Lars Gotrich,Tom Huizenga,,,,
109,Godflesh,New Dark Ages,A World Lit Only by Fire,/assets/img/2014/12/04/godflesh-a_world_lit_only_by_fire_sq.jpg,Jacob Ganz,Tk Tk Tk Tk Tk Tk Tk Tk Tk Tk Tk Tk \,/npr/ascsongs/2014/12/20141202_ascsongs_newdark,\m/ >_< \m/,,,,,,,,,
162,GoldLink,CNTRL,The God Complex,/assets/img/2014/12/04/goldlink-the-god-complex_sq.jpg,Jacob Ganz,Tk Tk Tk Tk Tk Tk Tk Tk Tk Tk Tk Tk \,/npr/specialmusic/2014/12/20141203_specialmusic_goldlink,Hip-Hop,,,,,,,,,
216,Gordon Voidwell,GF Jeans,Bad Études,,,Tk Tk Tk Tk Tk Tk Tk Tk Tk Tk Tk Tk \,/npr/specialmusic/2014/12/20141205_specialmusic_gordonvoidwell,,,,,,,,,,
217,Greylag,Yours To Shake,Greylag,,,Tk Tk Tk Tk Tk Tk Tk Tk Tk Tk Tk Tk \,/npr/specialmusic/2014/12/20141205_specialmusic_greylag,,,,,,,,,,
2,Grouper,Clearing,Ruins,/assets/img/2014/11/20/grouper-ruins_sq.jpg,Otis Hart,Tk Tk Tk Tk Tk Tk Tk Tk Tk Tk Tk Tk \,/npr/fl/2014/10/20141021_fl_grouper02,Rock,,,,Robin Hilton,Lars Gotrich,http://rd.io/x/QURQbDdcfwRu/,http://open.spotify.com/track/3IL43TRkEnh4buGOZ1Brb5,https://itunes.apple.com/us/album/clearing/id909173677?i=909173682&uo=4,B00MQJXBX6
218,Gui Boratto,Joker,Abaporu,,,Tk Tk Tk Tk Tk Tk Tk Tk Tk Tk Tk Tk \,/npr/specialmusic/2014/12/20141205_specialmusic_guiborrato,,,,,,,,,,
25,Have A Nice Life,Defenestration Song,The Unnatural World,/assets/img/2014/12/02/haveanicelife_sq.jpg,Lars Gotrich,Tk Tk Tk Tk Tk Tk Tk Tk Tk Tk Tk Tk \,/npr/specialmusic/2014/12/20141205_specialmusic_haveanicelife,\m/ >_< \m/,,,Lars Gotrich,,,,,,
219,Herzog,Full Stick,Boys,,,Tk Tk Tk Tk Tk Tk Tk Tk Tk Tk Tk Tk \,/npr/specialmusic/2014/12/20141205_specialmusic_herzog,,,,,,,,,,
46,High Spirits,I Will Run,You Are Here,/assets/img/2014/12/03/highspirits_sq.jpg,Lars Gotrich,Tk Tk Tk Tk Tk Tk Tk Tk Tk Tk Tk Tk \,/npr/specialmusic/2014/12/20141203_specialmusic_highspirits_iwillrun,\m/ >_< \m/,,,Lars Gotrich,,,,,,
220,Highasakite,Since Last Wednesday,Silent Treatment,,,Tk Tk Tk Tk Tk Tk Tk Tk Tk Tk Tk Tk \,/npr/specialmusic/2014/12/20141205_specialmusic_highasakite,,,,,,,,,,
131,Hospitality,I Miss Your Bones,Trouble,/assets/img/2014/12/04/hospitality_trouble_900px_sq.jpg,Bob Boilen,Tk Tk Tk Tk Tk Tk Tk Tk Tk Tk Tk Tk \,/npr/specialmusic/2014/12/20141203_specialmusic_hospitality,Rock,,,Bob Boilen,Patrick Jarenwattananon,,,,,
16,Hozier,Take Me To Church,Hozier,/assets/img/2014/11/06/hozier_sq.jpg,Bob Boilen,Tk Tk Tk Tk Tk Tk Tk Tk Tk Tk Tk Tk \,/npr/ascsongs/2014/12/20141202_ascsongs_takeme,Rock,Pop,,Jason King,David Dye,Jason Bentley,,,,
43,Hozier,Jackie and Wilson,Hozier,/assets/img/2014/11/06/hozier_sq.jpg,Bob Boilen,Tk Tk Tk Tk Tk Tk Tk Tk Tk Tk Tk Tk \,/npr/ascsongs/2014/12/20141202_ascsongs_jackie,Rock,,,Bob Boilen,,,,,,
93,Hudson Mohawke,Chimes,Chimes,/assets/img/2014/12/03/hudson_sq.jpg,Otis Hart,Tk Tk Tk Tk Tk Tk Tk Tk Tk Tk Tk Tk \,/npr/specialmusic/2014/12/20141203_specialmusic_hudson,Electronic / Dance,,,Jason Bentley,,,,,,
91,Hundred Waters,Down From The Rafters,The Moon Rang Like a Bell,/assets/img/2014/12/03/hundred_sq.jpg,Jacob Ganz,Tk Tk Tk Tk Tk Tk Tk Tk Tk Tk Tk Tk \,/npr/specialmusic/2014/12/20141203_specialmusic_hundredwaters,Rock,,,Anastasia Tsioulcas,,,,,,
111,Hurray For The Riff Raff,The Body Electric,Small Town Heroes,/assets/img/2014/12/04/hurray_sq.jpg,Ann Powers,Tk Tk Tk Tk Tk Tk Tk Tk Tk Tk Tk Tk \,/npr/fl/2014/01/20140127_fl_hrr06,Folk / Americana,,,Ann Powers,Stephen Thompson,,,,,
47,Ibeyi,Oya,Oya,/assets/img/2014/12/03/ibeyi_sq.jpg,Anastasia Tsioulcas,Tk Tk Tk Tk Tk Tk Tk Tk Tk Tk Tk Tk \,/npr/specialmusic/2014/12/20141203_specialmusic_ibeyi_oya,World,,,Jason King,Patrick Jarenwattananon,Felix Contreras,,,,
89,Ibeyi,River,Oya,/assets/img/2014/12/03/ibeyi_sq.jpg,Anastasia Tsioulcas,Tk Tk Tk Tk Tk Tk Tk Tk Tk Tk Tk Tk \,/npr/specialmusic/2014/12/20141203_specialmusic_ibeyi,World,,,Jason King,Anastasia Tsioulcas,,,,,
48,ILOVEMAKONNEN,Tuesday,Tuesday,/assets/img/2014/12/03/ilovemakonnen_sq.jpg,Frannie Kelley,Tk Tk Tk Tk Tk Tk Tk Tk Tk Tk Tk Tk \,/npr/specialmusic/2014/12/20141203_specialmusic_ilovemakonnen_tuesday,Pop,Hip-Hop,,Ann Powers,,,,,,
88,Indila,Dernière Danse,Mini World,/assets/img/2014/12/03/indila_sq.jpg,Anastasia Tsioulcas,Tk Tk Tk Tk Tk Tk Tk Tk Tk Tk Tk Tk \,/npr/specialmusic/2014/12/20141203_specialmusic_indila,World,Pop,,Anastasia Tsioulcas,Felix Contreras,,,,,
163,Ingrid Michaelson,Girls Chase Boys,Lights Out,/assets/img/2014/12/04/ingrid_sq.jpg,Jacob Ganz,Tk Tk Tk Tk Tk Tk Tk Tk Tk Tk Tk Tk \,/npr/specialmusic/2014/12/20141203_specialmusic_ingrid,Pop,,,,,,,,,
124,J. Cole,Be Free,Be Free,/assets/img/2014/12/04/jcole_sq.jpg,Ann Powers,Tk Tk Tk Tk Tk Tk Tk Tk Tk Tk Tk Tk \,/npr/specialmusic/2014/12/20141203_specialmusic_jcole,R&B,,,Ann Powers,Frannie Kelley,,,,,
49,Jacaszek,"Kingdom (Les Chênes, Les Bouleaux)",Catalogue des Arbres,/assets/img/2014/12/03/jacaszek-kwartludium-catalogue-des-arbres1_sq.jpg,Tom Huizenga,Tk Tk Tk Tk Tk Tk Tk Tk Tk Tk Tk Tk \,/npr/specialmusic/2014/12/20141203_specialmusic_jacaszek_kingdom,Classical,,,Tom Huizenga,,,,,,
179,Jack J,Something (On My Mind),Looking Forward To You,,Otis Hart,Tk Tk Tk Tk Tk Tk Tk Tk Tk Tk Tk Tk \,/npr/specialmusic/2014/07/20140729_specialmusic_jackj,,,,Tom Huizenga,,,,,,
30,Jack White,Lazaretto,Lazaretto,/assets/img/2014/12/02/jackwhite_sq.jpg,Bob Boilen,Tk Tk Tk Tk Tk Tk Tk Tk Tk Tk Tk Tk \,/npr/ascsongs/2014/12/20141202_ascsongs_lazaretto,Rock,,,Bob Boilen,Jason Bentley,,,,,
221,Jack White,High Ball Stepper,Lazaretto,,,Tk Tk Tk Tk Tk Tk Tk Tk Tk Tk Tk Tk \,/npr/specialmusic/2014/12/20141205_specialmusic_jackwhite,,,,,,,,,,
150,James Brandon Lewis,Wading Child In The Motherless Water,"Divine Travels
",/assets/img/2014/12/04/jamesbrandonlewis_sq.jpg,Patrick Jarenwattananon,Tk Tk Tk Tk Tk Tk Tk Tk Tk Tk Tk Tk \,,Jazz,,,Jason King,Patrick Jarenwattananon,,,,,
222,James Farm,Two Steps,City Folk,,,Tk Tk Tk Tk Tk Tk Tk Tk Tk Tk Tk Tk \,/npr/specialmusic/2014/12/20141205_specialmusic_jamesfarm,,,,,,,,,,
223,Jason Eady,"One, Two...Many",Daylight & Dark,,,Tk Tk Tk Tk Tk Tk Tk Tk Tk Tk Tk Tk \,/npr/specialmusic/2014/12/20141205_specialmusic_jasoneady,,,,,,,,,,
224,Jason Moran,Ain't Misbehavin' (feat. Meshell Ndegeocello),All Rise: A Joyful Elegy for Fats Waller,,,Tk Tk Tk Tk Tk Tk Tk Tk Tk Tk Tk Tk \,/npr/specialmusic/2014/12/20141205_specialmusic_jasonmoran,,,,,,,,,,
225,Jay Electronica x Jay Z,We Made It (Remix),We Made It,,,Tk Tk Tk Tk Tk Tk Tk Tk Tk Tk Tk Tk \,/npr/specialmusic/2014/12/20141205_specialmusic_jayelectronica,,,,,,,,,,
226,Jean Grae,AcME (take it to the wall.),jeannie.,,,Tk Tk Tk Tk Tk Tk Tk Tk Tk Tk Tk Tk \,/npr/specialmusic/2014/12/20141205_specialmusic_jeangrae,,,,,,,,,,
227,Jeezy,Seen It All (feat. Jay-Z),Seen It All: The Autobiography,,,Tk Tk Tk Tk Tk Tk Tk Tk Tk Tk Tk Tk \,/npr/specialmusic/2014/12/20141205_specialmusic_jeezy,,,,,,,,,,
228,Jeff Ballard Trio,Beat Street,Originations,,,Tk Tk Tk Tk Tk Tk Tk Tk Tk Tk Tk Tk \,/npr/specialmusic/2014/12/20141205_specialmusic_jeffballardtrio,,,,,,,,,,
86,Jeffrey Zeigler,Perez Santiago: Glaub,Something of Life,/assets/img/2014/12/03/jeffreziegler_sq.jpeg,Anastasia Tsioulcas,Tk Tk Tk Tk Tk Tk Tk Tk Tk Tk Tk Tk \,/npr/specialmusic/2014/12/20141203_specialmusic_jeffrey,Classical,,,Anastasia Tsioulcas,,,,,,
229,Jenny Lewis,Slippery Slopes,The Voyager,,,Tk Tk Tk Tk Tk Tk Tk Tk Tk Tk Tk Tk \,/npr/specialmusic/2014/12/20141205_specialmusic_jennylewis,,,,,,,,,,
164,Jeremih,Don't Tell 'Em,Don't Tell 'Em,/assets/img/2014/12/04/jeremih_sq.jpg,Ann Powers,Tk Tk Tk Tk Tk Tk Tk Tk Tk Tk Tk Tk \,/npr/specialmusic/2014/12/20141203_specialmusic_jeremih,Pop,R&B,Hip-Hop,,,,,,,
115,Jesse Boykins III,Show Me Who You Are,Love Apparatus,/assets/img/2014/12/04/jesse-love_apparatus_albumart_coverlo1_sq.jpg,Jacob Ganz,Tk Tk Tk Tk Tk Tk Tk Tk Tk Tk Tk Tk \,/npr/fl/2014/04/20140405_fl_la06,R&B,,,,,,,,,
180,Jessica Lea Mayfield,Do I Have The Time,Make My Head Sing...,,Bob Boilen,Tk Tk Tk Tk Tk Tk Tk Tk Tk Tk Tk Tk \,/npr/asc/2014/04/20140429_asc_03,Rock,,,Bob Boilen,,,,,,
20,Jessie Ware,Tough Love,Tough Love,/assets/img/2014/12/02/jessiewaretoughlove_sq.jpg,Jason King,Tk Tk Tk Tk Tk Tk Tk Tk Tk Tk Tk Tk \,/npr/ascsongs/2014/12/20141202_ascsongs_tough,Pop,,,Jason King,,,,,,
50,Jon Sebastian,Nightmare Sisters,The Horror Single,/assets/img/2014/12/03/jonsebastian_sq.jpg,Jacob Ganz,Tk Tk Tk Tk Tk Tk Tk Tk Tk Tk Tk Tk \,/npr/specialmusic/2014/12/20141203_specialmusic_johnsebastian_nightmaresisters,Rock,,,Jason King,,,,,,
51,Jonas Kaufmann,Schubert: The Hurdy-Gurdy Man,Winterreise,/assets/img/2014/12/03/jonaskaufmann_sq.jpg,Tom Huizenga,Tk Tk Tk Tk Tk Tk Tk Tk Tk Tk Tk Tk \,/npr/specialmusic/2014/12/20141203_specialmusic_jonaskaufmannschubert_winterreise,Classical,,,Tom Huizenga,,,,,,
52,Joyce DiDonato,Bellini: Dopo l'oscuro nembo,Stella di Napoli,/assets/img/2014/12/03/joyce-stella-di-napoli-cd_sq.jpg,Tom Huizenga,Tk Tk Tk Tk Tk Tk Tk Tk Tk Tk Tk Tk \,/npr/specialmusic/2014/12/20141203_specialmusic_joycedidonatobellini_adelsonesalvini,Classical,,,Tom Huizenga,,,,,,
53,Joyce Manor,Schley,Never Hungover Again,/assets/img/2014/12/02/joyce-manor-never-hungover-again-artwork_sq.jpg,Lars Gotrich,Tk Tk Tk Tk Tk Tk Tk Tk Tk Tk Tk Tk \,/npr/specialmusic/2014/12/20141203_specialmusic_joycemanor_schley,Rock,,,Lars Gotrich,,,,,,
121,Jungle,Busy Earnin,Jungle,/assets/img/2014/12/04/jungle_sq.jpg,Jacob Ganz,Tk Tk Tk Tk Tk Tk Tk Tk Tk Tk Tk Tk \,/npr/specialmusic/2014/02/20140218_specialmusic_busy,Pop,Electronic / Dance,R&B,Jason King,Rita Houston,Jason Bentley,,,,
102,Kali Uchis,Real,Real,/assets/img/2014/12/04/kali_sq.jpg,Jasmine Garsd,Tk Tk Tk Tk Tk Tk Tk Tk Tk Tk Tk Tk \,/npr/altlatsongs/2014/12/20141203_altlatsongs_kali,Latin,,,Jasmine Garsd,Felix Contreras,,,,,
151,Karol Conka,Boa Noite,Batuk Freak,/assets/img/2014/12/04/karol-conka-brazil-2014_sq.jpg,Felix Contreras,Tk Tk Tk Tk Tk Tk Tk Tk Tk Tk Tk Tk \,/npr/specialmusic/2014/12/20141203_specialmusic_karol,Latin,,,Jason King,Patrick Jarenwattananon,Felix Contreras,,,,
71,Kelis,Bless The Telephone,Food,/assets/img/2014/12/03/kelis-food_sq.jpg,Ann Powers,Tk Tk Tk Tk Tk Tk Tk Tk Tk Tk Tk Tk \,/npr/specialmusic/2014/12/20141203_specialmusic_kelis,R&B,,,Anastasia Tsioulcas,Ann Powers,,,,,
230,Kelis,Breakfast,Food,,,Tk Tk Tk Tk Tk Tk Tk Tk Tk Tk Tk Tk \,/npr/specialmusic/2014/12/20141205_specialmusic_kelis,,,,,,,,,,
231,Kendrick Lamar,i,i,/assets/img/2014/12/05/kendricklamar_sq.jpg,,Tk Tk Tk Tk Tk Tk Tk Tk Tk Tk Tk Tk \,/npr/specialmusic/2014/12/20141205_specialmusic_kendricklamar,,,,,,,,,,
232,Kevin Gates,Homicide,At Any Means,,,Tk Tk Tk Tk Tk Tk Tk Tk Tk Tk Tk Tk \,/npr/specialmusic/2014/12/20141205_specialmusic_kevingates,,,,,,,,,,
233,Kira Isabella,Quarterback,Caffeine & Big Dreams,,,Tk Tk Tk Tk Tk Tk Tk Tk Tk Tk Tk Tk \,/npr/specialmusic/2014/12/20141205_specialmusic_kiraisabella,,,,,,,,,,
234,Kishi Bashi,Philosophize In It ! Chemicalize With It!,Lighght,,,Tk Tk Tk Tk Tk Tk Tk Tk Tk Tk Tk Tk \,/npr/specialmusic/2014/12/20141205_specialmusic_kishibashi,,,,,,,,,,
165,Kölsch,Cassiopeia (feat. Gregor Schwellenbach),Speicher 79,/assets/img/2014/12/04/kolsch_sq.jpg,Otis Hart,Tk Tk Tk Tk Tk Tk Tk Tk Tk Tk Tk Tk \,/npr/specialmusic/2014/12/20141203_specialmusic_kolsch,Electronic / Dance,,,,,,,,,
235,La Dame Blanche,Overdosi,Piratas,,,Tk Tk Tk Tk Tk Tk Tk Tk Tk Tk Tk Tk \,/npr/specialmusic/2014/12/20141205_specialmusic_ladameblanche,,,,,,,,,,
236,La Santa Cecilia,Strawberry Fields Forever,Someday New,,,Tk Tk Tk Tk Tk Tk Tk Tk Tk Tk Tk Tk \,/npr/specialmusic/2014/12/20141205_specialmusic_lasantacecilia,,,,,,,,,,
95,Lake Street Dive,You Go Down Smooth,Bad Self Portraits,/assets/img/2014/12/03/lakestreet_sq.jpg,David Dye,Tk Tk Tk Tk Tk Tk Tk Tk Tk Tk Tk Tk \,/npr/specialmusic/2014/12/20141203_specialmusic_lakestreetdrive,Rock,,,David Dye,,,,,,
237,Las Acevedo,She Bangs,Indie Martin,,,Tk Tk Tk Tk Tk Tk Tk Tk Tk Tk Tk Tk \,/npr/specialmusic/2014/12/20141205_specialmusic_lasacevedo,,,,,,,,,,
96,Latvian Radio Choir,"Falik: Your Temple, Lord",Sacred Love,/assets/img/2014/12/03/latvian_sq.jpg,Tom Huizenga,Tk Tk Tk Tk Tk Tk Tk Tk Tk Tk Tk Tk \,/npr/specialmusic/2014/12/20141203_specialmusic_latvia,Classical,,,Felix Contreras,,,,,,
107,Lee Ann Womack,All His Saints,The Way I'm Livin',/assets/img/2014/12/04/lee-an-womack_sq.jpg,Ann Powers,Tk Tk Tk Tk Tk Tk Tk Tk Tk Tk Tk Tk \,/npr/ascsongs/2014/12/20141202_ascsongs_all,Country,,,,,,,,,
54,Leon Fleisher,Gershwin: The Man I Love,All the Things You Are,/assets/img/2014/12/03/leonfleisher_sq.jpg,Tom Huizenga,Tk Tk Tk Tk Tk Tk Tk Tk Tk Tk Tk Tk \,/npr/specialmusic/2014/12/20141203_specialmusic_leonfleishergershwin_themanilove,Classical,,,Tom Huizenga,Anastasia Tsioulcas,,,,,
94,Leonard Cohen,Born in Chains,Popular Problems,/assets/img/2014/12/03/leonard-cohen-popular-problems_sq.jpg,Ann Powers,Tk Tk Tk Tk Tk Tk Tk Tk Tk Tk Tk Tk \,/npr/specialmusic/2014/12/20141203_specialmusic_leonard,Rock,,,Ann Powers,,,,,,
55,Logic,I'm Gone,Under Pressure,/assets/img/2014/12/03/logic_dxfront_final_square_sq.jpg,Kiana Fitzgerald,Tk Tk Tk Tk Tk Tk Tk Tk Tk Tk Tk Tk \,/npr/specialmusic/2014/12/20141203_specialmusic_logic_imgone,Hip-Hop,,,Jason King,,,,,,
238,Lost In The Trees,Past Life,Past Life,,,Tk Tk Tk Tk Tk Tk Tk Tk Tk Tk Tk Tk \,/npr/specialmusic/2014/12/20141205_specialmusic_lostinthetrees,,,,,,,,,,
166,Low Leaf,Set Me Free,Akashaalay,/assets/img/2014/12/04/lowleaf_sq.jpg,Jacob Ganz,Tk Tk Tk Tk Tk Tk Tk Tk Tk Tk Tk Tk \,/npr/specialmusic/2014/12/20141203_specialmusic_lowleaf,R&B,,,,,,,,,
239,Lucinda Williams,Stand Right By Each Other,Down Where The Spirit Meets The Bone,,,Tk Tk Tk Tk Tk Tk Tk Tk Tk Tk Tk Tk \,/npr/specialmusic/2014/12/20141205_specialmusic_lucindawilliams,,,,,,,,,,
118,Luluc,Small Window,Passerby,/assets/img/2014/12/04/luluc-passerby-1450_sq.jpg,Bob Boilen,Tk Tk Tk Tk Tk Tk Tk Tk Tk Tk Tk Tk \,/npr/fl/2014/06/20140630_fl_lu01,Rock,,,Bob Boilen,Tom Huizenga,Stephen Thompson,,,,
167,Lydia Loveless,Wine Lips,Somewhere Else,/assets/img/2014/12/04/lydialoveless_sq.jpg,Jacob Ganz,Tk Tk Tk Tk Tk Tk Tk Tk Tk Tk Tk Tk \,/npr/specialmusic/2014/12/20141203_specialmusic_lydia,Country,Rock,,,,,,,,
84,Martha,"Dust, Juice, Bones & Hair",Courting Strong,/assets/img/2014/12/03/martha_sq.jpg,Otis Hart,Tk Tk Tk Tk Tk Tk Tk Tk Tk Tk Tk Tk \,/npr/specialmusic/2014/12/20141203_specialmusic_martha,Rock,,,Stephen Thompson,,,,,,
240,Mary J. Blige,Therapy,The London Sessions,,,Tk Tk Tk Tk Tk Tk Tk Tk Tk Tk Tk Tk \,/npr/specialmusic/2014/12/20141205_specialmusic_maryjblige,,,,,,,,,,
214,Matt Kivel,The First Time,Days of Being Wild,,,Tk Tk Tk Tk Tk Tk Tk Tk Tk Tk Tk Tk \,/npr/asc/2014/07/20140708_asc_06,Rock,,,Robin Hilton,,,,,,
147,Mélat,L.I.P.S.,Move Me,/assets/img/2014/12/04/melat-move-me-ep-front-e1409347561662_sq.jpg,Kiana Fitzgerald,Tk Tk Tk Tk Tk Tk Tk Tk Tk Tk Tk Tk \,/npr/specialmusic/2014/12/20141203_specialmusic_melat,R&B,,,Frannie Kelley,Jason King,,,,,
83,Meshell Ndegeocello,"Comet, Come To Me","Comet, Come To Me",/assets/img/2014/12/03/meshell_sq.jpg,Ann Powers,Tk Tk Tk Tk Tk Tk Tk Tk Tk Tk Tk Tk \,/npr/specialmusic/2014/12/20141203_specialmusic_meshell,R&B,,,Ann Powers,Anastasia Tsioulcas,,,,,
241,Michael Jackson,A Place with No Name,Xscape,,,Tk Tk Tk Tk Tk Tk Tk Tk Tk Tk Tk Tk \,/npr/specialmusic/2014/12/20141205_specialmusic_michaeljackson,,,,,,,,,,
242,Migos,Fight Night,No Label 2,,,Tk Tk Tk Tk Tk Tk Tk Tk Tk Tk Tk Tk \,/npr/specialmusic/2014/12/20141205_specialmusic_migos,,,,,,,,,,
56,Mimicking Birds,Bloodlines,Eons,/assets/img/2014/12/03/mimicking-eons_cover1_sq.jpg,Stephen Thompson,Tk Tk Tk Tk Tk Tk Tk Tk Tk Tk Tk Tk \,/npr/specialmusic/2014/12/20141203_specialmusic_mimickingbirds_bloodlines,Rock,,,Stephen Thompson,,,,,,
169,Miranda Lambert,Bathroom Sink,Platinum,/assets/img/2014/12/04/mirandalambertplatinum_sq.jpg,Jacob Ganz,Tk Tk Tk Tk Tk Tk Tk Tk Tk Tk Tk Tk \,/npr/specialmusic/2014/12/20141203_specialmusic_miranda,Country,,,,,,,,,
5,Moodymann,Sunday Hotel,Moodymann,/assets/img/2014/11/20/moodymann_sq.jpg,Sami Yenigun,Tk Tk Tk Tk Tk Tk Tk Tk Tk Tk Tk Tk \,/npr/asc/2014/01/20140127_asc_moodymann,Electronic / Dance,,,,Otis Hart,,http://rd.io/x/QURQbDdd1BL0/,http://open.spotify.com/track/3c4d1Ui2AoZIR6SF9MOF7m,https://itunes.apple.com/us/album/sunday-hotel/id796538533?i=796538604&uo=4,B00HY070I4
243,My Brightest Diamond,Pressure,This Is My Hand,,,Tk Tk Tk Tk Tk Tk Tk Tk Tk Tk Tk Tk \,/npr/specialmusic/2014/12/20141205_specialmusic_mybrightestdiamond,,,,,,,,,,
82,Nick Hakim,I Don't Know,"Where Will We Go, Pt. 2",/assets/img/2014/12/03/nick-hakim-where-will-we-go-part-2_sq.jpg,Kiana Fitzgerald,Tk Tk Tk Tk Tk Tk Tk Tk Tk Tk Tk Tk \,/npr/specialmusic/2014/12/20141203_specialmusic_nickhakim,R&B,,,Frannie Kelley,,,,,,
123,Nick Jonas,Jealous,Nick Jonas,/assets/img/2014/12/04/nick-jonas_sq.jpg,Jacob Ganz,Tk Tk Tk Tk Tk Tk Tk Tk Tk Tk Tk Tk \,/npr/specialmusic/2014/12/20141203_specialmusic_jonas,Pop,,,,,,,,,
149,Niia,Body,Generation Blue,/assets/img/2014/12/04/niia-generation-blue_sq.jpg,Kiana Fitzgerald,Tk Tk Tk Tk Tk Tk Tk Tk Tk Tk Tk Tk \,/npr/specialmusic/2014/12/20141203_specialmusic_nila,R&B,Pop,,Jason King,Jason Bentley,,,,,
57,Noura Mint Seymali,Tzenni,Tzenni,/assets/img/2014/12/03/nouramintseymali_sq.jpg,Tom Huizenga,Tk Tk Tk Tk Tk Tk Tk Tk Tk Tk Tk Tk \,,World,,,Tom Huizenga,Anastasia Tsioulcas,,,,,
81,OG Maco,U Guessed It (feat. Key),U Guessed It,/assets/img/2014/12/03/u-guessed-it-single_sq.jpg,Ann Powers,Tk Tk Tk Tk Tk Tk Tk Tk Tk Tk Tk Tk \,/npr/specialmusic/2014/12/20141203_specialmusic_ogmaco,Hip-Hop,,,Ann Powers,Lars Gotrich,,,,,
171,Owen Pallett,The Riverbed,In Conflict,/assets/img/2014/12/04/owenpallett_sq.jpg,Jacob Ganz,Tk Tk Tk Tk Tk Tk Tk Tk Tk Tk Tk Tk \,/npr/specialmusic/2014/12/20141203_specialmusic_riverbed,Rock,,,,,,,,,
122,Parker Millsap,Truck Stop Gospel,Parker Millsap,/assets/img/2014/12/04/parker-album_cover_1500jpeg_sq.jpg,Ann Powers,Tk Tk Tk Tk Tk Tk Tk Tk Tk Tk Tk Tk \,/npr/specials/2014/02/20140226_specials_gospel,Folk / Americana,,,Ann Powers,Patrick Jarenwattananon,,,,,
58,Perfect Pussy,Interference Fits,Say Yes To Love,/assets/img/2014/12/03/perfect-pussy-say-yes-to-love_sq.jpg,Robin Hilton,Tk Tk Tk Tk Tk Tk Tk Tk Tk Tk Tk Tk \,/npr/specialmusic/2014/12/20141203_specialmusic_perfectpussy_interferencefits,\m/ >_< \m/,,,Robin Hilton,Kevin Cole,Stephen Thompson,,,,
73,Perfume Genius,Queen,Too Bright,/assets/img/2014/12/03/perfume_sq.jpg,Ann Powers,Tk Tk Tk Tk Tk Tk Tk Tk Tk Tk Tk Tk \,/npr/specialmusic/2014/12/20141203_specialmusic_queen,Rock,,,Bob Boilen,Robin Hilton,Ann Powers,,,,
21,Popcaan,Everything Nice,Where We Come From,/assets/img/2014/12/02/popcaan_sq.jpg,Otis Hart,Tk Tk Tk Tk Tk Tk Tk Tk Tk Tk Tk Tk \,/npr/ascsongs/2014/12/20141202_ascsongs_everything,Pop,World,,Frannie Kelley,,,,,,
7,Porter Robinson,Divinity (feat. Amy Millan),worlds,/assets/img/2014/11/20/porter-robinson-worlds-album-1406737474_sq.jpg,Stephen Thompson,Tk Tk Tk Tk Tk Tk Tk Tk Tk Tk Tk Tk \,/npr/ascsongs/2014/08/20140805_ascsongs_06,Electronic / Dance,Pop,,Stephen Thompson,Ann Powers,,http://rd.io/x/QURQbDdcSLkb/,http://open.spotify.com/track/18cCBvygH6yEFDY0cYN3wT,https://itunes.apple.com/us/album/divinity-feat.-amy-millan/id886319402?i=886319473&uo=4,B00LLS2POY
32,QT,Hey QT,Hey QT,/assets/img/2014/12/02/qt_sq.jpg,Otis Hart,Tk Tk Tk Tk Tk Tk Tk Tk Tk Tk Tk Tk \,/npr/ascsongs/2014/12/20141202_ascsongs_hey,Pop,Electronic / Dance,,Lars Gotrich,,,,,,
172,Radiator Hospital,Cut Your Bangs,Torch Song,/assets/img/2014/12/04/radiator_sq.jpg,Jacob Ganz,Tk Tk Tk Tk Tk Tk Tk Tk Tk Tk Tk Tk \,/npr/specialmusic/2014/12/20141203_specialmusic_radiator,Rock,,,,,,,,,
142,Rae Sremmurd,No Flex Zone,No Flex Zone,/assets/img/2014/12/04/raesremmurd_sq.jpg,Frannie Kelley,Tk Tk Tk Tk Tk Tk Tk Tk Tk Tk Tk Tk \,/npr/specialmusic/2014/12/20141203_specialmusic_noflex,Hip-Hop,,,Frannie Kelley,Patrick Jarenwattananon,,,,,
23,Real Estate,Had To Hear,Had To Hear,/assets/img/2014/12/02/real_estate_-_had_to_hear_sq.jpg,Jacob Ganz,Tk Tk Tk Tk Tk Tk Tk Tk Tk Tk Tk Tk \,/npr/ascsongs/2014/12/20141202_ascsongs_had,Rock,,,David Dye,Jason Bentley,,,,,
59,Restorations,Separate Songs,LP3,/assets/img/2014/12/03/restorations_sq.jpg,Jacob Ganz,Tk Tk Tk Tk Tk Tk Tk Tk Tk Tk Tk Tk \,/npr/specialmusic/2014/12/20141203_specialmusic_restorations_separatesongs,\m/ >_< \m/,,,Lars Gotrich,,,,,,
110,Robert Ellis,Chemical Plant,The Lights From The Chemical Plant,/assets/img/2014/12/04/robertellis_sq.jpg,Ann Powers,Tk Tk Tk Tk Tk Tk Tk Tk Tk Tk Tk Tk \,/npr/fl/2014/01/20140122_fl_rellis02,Folk / Americana,,,David Dye,Ann Powers,,,,,
244,Robert Plant,Little Maggie,lullaby and... The Ceaseless Roar,,Bob Boilen,Tk Tk Tk Tk Tk Tk Tk Tk Tk Tk Tk Tk \,/npr/ascsongs/2014/12/20141202_ascsongs_little,Rock,Country / Americana,,Anastasia Tsioulcas,,,,,,
117,Royksopp & Robyn,Do It Again,Do It Again,/assets/img/2014/12/04/royksopp-and-robyn_sq.jpg,Jacob Ganz,Tk Tk Tk Tk Tk Tk Tk Tk Tk Tk Tk Tk \,/npr/fl/2014/05/20140520_fl_rr03,Pop,Electronic / Dance,,,,,,,,
26,Rubblebucket,Carousel Ride,Survival Sounds,/assets/img/2014/12/02/rubble2_sq.jpg,Bob Boilen,Tk Tk Tk Tk Tk Tk Tk Tk Tk Tk Tk Tk \,/npr/ascsongs/2014/12/20141202_ascsongs_carousel,Rock,,,Bob Boilen,Kevin Cole,,,,,
60,Run The Jewels,Close Your Eyes (And Count To F---),Run The Jewels 2,/assets/img/2014/12/03/rtj2_sq.jpg,Frannie Kelley,Tk Tk Tk Tk Tk Tk Tk Tk Tk Tk Tk Tk \,/npr/specialmusic/2014/12/20141203_specialmusic_runthejewels_closeyoureyes,Hip-Hop,,,Frannie Kelley,Lars Gotrich,,,,,
9,Saintseneca,Happy Alone,Dark Arc,/assets/img/2014/12/05/saintseneca_sq.jpg,Stephen Thompson,Tk Tk Tk Tk Tk Tk Tk Tk Tk Tk Tk Tk \,/npr/fl/2014/03/20140319_fl_saintseneca03,Rock,,,Stephen Thompson,,,http://rd.io/x/QURQbDddsOUc/,http://open.spotify.com/track/6uot32Tttek29kec4Yw5oR,https://itunes.apple.com/us/album/brother-do-you-know-the-road/id874959080?i=874959096&uo=4,
80,Sam Hunt,House Party,Montevallo,/assets/img/2014/12/03/samhunt_sq.jpg,Ann Powers,Tk Tk Tk Tk Tk Tk Tk Tk Tk Tk Tk Tk \,/npr/specialmusic/2014/12/20141203_specialmusic_samhunt,Country,,,Ann Powers,,,,,,
129,Samaris,Lífsins ólgusjór,Silkidrangar,/assets/img/2014/12/04/samaris_sq.jpg,Bob Boilen,Tk Tk Tk Tk Tk Tk Tk Tk Tk Tk Tk Tk \,/npr/specialmusic/2014/12/20141203_specialmusic_samaris,Rock,,,Bob Boilen,Kevin Cole,,,,,
245,Sarah Jaffe,Some People Will Tell You,Don't Disconnect,,Robin Hilton,Tk Tk Tk Tk Tk Tk Tk Tk Tk Tk Tk Tk \,/npr/ascsongs/2014/12/20141202_ascsongs_some,Rock,,,Robin Hilton,,,,,,
79,Schoolboy Q,Man Of The Year,Oxymoron,/assets/img/2014/12/03/schoolboy_sq.jpg,Frannie Kelley,Tk Tk Tk Tk Tk Tk Tk Tk Tk Tk Tk Tk \,/npr/specialmusic/2014/12/20141203_specialmusic_schoolboy,Hip-Hop,,,Frannie Kelley,,,,,,
61,Seun Kuti,I.M.F.,A Long Way To The Beginning,/assets/img/2014/12/03/seun_kuti_a_long_way_to_the_beginning_sq.jpg,Tom Huizenga,Tk Tk Tk Tk Tk Tk Tk Tk Tk Tk Tk Tk \,/npr/specialmusic/2014/12/20141203_specialmusic_seunkuti_imf,World,,,Jason King,,,,,,
62,Shabazz Palaces,Ishmael,Lese Majesty,/assets/img/2014/12/03/shabazz-palaces-lese-majesty_sq.jpg,Frannie Kelley,Tk Tk Tk Tk Tk Tk Tk Tk Tk Tk Tk Tk \,/npr/specialmusic/2014/12/20141203_specialmusic_shabazzpalaces_ishmael,Hip-Hop,,,Jason King,Kevin Cole,Anastasia Tsioulcas,,,,
10,Shamir,On The Regular,On The Regular,/assets/img/2014/11/20/shamir-ontheregular_sq.jpg,Jason King,Tk Tk Tk Tk Tk Tk Tk Tk Tk Tk Tk Tk \,/npr/wc/2014/10/20141030_wc_regular,R&B,Pop,Electronic / Dance,Jason King,Saidah Blount,Frannie Kelley,http://rd.io/x/QURQbDdcIbm0/,http://open.spotify.com/track/4WxqOuzA0OG1851xcChR73,https://itunes.apple.com/us/album/on-the-regular/id929944577?i=929944581&uo=4,B00OUDT94Q
28,Sharon Van Etten,Every Time The Sun Comes Up I'm In Trouble,Are We There,/assets/img/2014/12/02/sharonvanetten_sq.jpg,Bob Boilen,Tk Tk Tk Tk Tk Tk Tk Tk Tk Tk Tk Tk \,/npr/ascsongs/2014/12/20141202_ascsongs_every,Rock,,,Bob Boilen,Kevin Cole,,,,,
63,Sharon Van Etten,Taking Chances,Are We There,/assets/img/2014/12/02/sharonvanetten_sq.jpg,Robin Hilton,Tk Tk Tk Tk Tk Tk Tk Tk Tk Tk Tk Tk \,/npr/specialmusic/2014/12/20141203_specialmusic_sharonvanetten_takingchances,Rock,,,Stephen Thompson,Tom Huizenga,,,,,
64,Shash'U,Loyal (PWRFNK Remix),Bootleg,/assets/img/2014/12/03/shashu_sq.jpg,Otis Hart,Tk Tk Tk Tk Tk Tk Tk Tk Tk Tk Tk Tk \,/npr/specialmusic/2014/12/20141203_specialmusic_shashu_pwrfnkloyal,Pop,R&B,,Lars Gotrich,,,,,,
174,Sheer Mag,What You Want,"7""",/assets/img/2014/12/04/sheermag_sq.jpg,Otis Hart,Tk Tk Tk Tk Tk Tk Tk Tk Tk Tk Tk Tk \,/npr/specialmusic/2014/12/20141203_specialmusic_sheermag,Rock,,,,,,,,,
65,Sinkane,How We Be,Mean Love,/assets/img/2014/12/03/sinkane-mean-love_sq.jpg,Robin Hilton,Tk Tk Tk Tk Tk Tk Tk Tk Tk Tk Tk Tk \,/npr/specialmusic/2014/12/20141203_specialmusic_sinkane_howwebe,Rock,,,Jason King,Robin Hilton,,,,,
106,Sleater-Kinney,Bury Our Friends,No Cities To Love,/assets/img/2014/12/04/sleaterkinney_nocitiestolove_cover_sq.jpg,Jacob Ganz,Tk Tk Tk Tk Tk Tk Tk Tk Tk Tk Tk Tk \,/npr/ascsongs/2014/10/20141021_ascsongs_01,Rock,,,,,,,,,
108,Son Little,The River,Things I Forgot,/assets/img/2014/12/04/son-little-things-i-forgot-ep-lead_sq.jpg,Stephen Thompson,Tk Tk Tk Tk Tk Tk Tk Tk Tk Tk Tk Tk \,/npr/specialmusic/2014/10/20141017_specialmusic_theriver,Rock,,,David Dye,Rita Houston,,,,,
78,Spoon,Do You,They Want My Soul,/assets/img/2014/12/03/spoon_sq.jpg,Robin Hilton,Tk Tk Tk Tk Tk Tk Tk Tk Tk Tk Tk Tk \,/npr/specialmusic/2014/12/20141203_specialmusic_spoon,Rock,,,David Dye,Jason Bentley,Kevin Cole,,,,
246,Spoon,Rent I Pay,They Want My Soul,,Robin Hilton,Tk Tk Tk Tk Tk Tk Tk Tk Tk Tk Tk Tk \,/npr/ascsongs/2014/12/20141202_ascsongs_rent,Rock,,,Patrick Jarenwattananon,,,,,,
77,St. Paul & The Broken Bones,Call Me,Half The City,/assets/img/2014/12/03/stpaul_itunes_sq.jpg,Ann Powers,Tk Tk Tk Tk Tk Tk Tk Tk Tk Tk Tk Tk \,/npr/specialmusic/2014/12/20141203_specialmusic_stpaul,Folk / Americana,,,Ann Powers,Kevin Cole,,,,,
145,St. Vincent,Digital Witness,St. Vincent,/assets/music/programs/asc/2014/01/stvincentcvr_sq.jpg,Stephen Thompson,Tk Tk Tk Tk Tk Tk Tk Tk Tk Tk Tk Tk \,/npr/specialmusic/2014/12/20141203_specialmusic_vincent,Rock,,,Jason King,David Dye,Stephen Thompson,,,,
103,Steve Gunn,Milly's Garden,Way Out Weather,/assets/img/2014/12/04/stevegunn_sq.jpg,Otis Hart,Tk Tk Tk Tk Tk Tk Tk Tk Tk Tk Tk Tk \,/npr/asc/2014/07/20140707_asc_3millys,Rock,,,,,,,,,
76,Strand of Oaks,JM,Heal,/assets/img/2014/12/03/strand-of-oaks-heal_sq.jpg,Stephen Thompson,Tk Tk Tk Tk Tk Tk Tk Tk Tk Tk Tk Tk \,/npr/specialmusic/2014/12/20141203_specialmusic_jm,Rock,,,David Dye,Stephen Thompson,Kevin Cole,,,,
116,Sturgill Simpson,Turtles All The Way Down,Metamodern Sounds in Country Music,/assets/img/2014/12/04/sturgill_sq.jpg,Jacob Ganz,Tk Tk Tk Tk Tk Tk Tk Tk Tk Tk Tk Tk \,/npr/fl/2014/04/20140428_fl_ss01,Country,,,David Dye,Robin Hilton,Tom Huizenga,,,,
247,Sufjan Stevens,A Little Lost,Master Mix: Red Hot + Arthur Russell,,Bob Boilen,Tk Tk Tk Tk Tk Tk Tk Tk Tk Tk Tk Tk \,/npr/ascsongs/2014/08/20140826_ascsongs_02,Rock,,,Kevin Cole,,,,,,
130,Sun Kil Moon,Carissa,Benji,/assets/img/2014/12/04/benjisunkilmoon_sq.jpg,Bob Boilen,Tk Tk Tk Tk Tk Tk Tk Tk Tk Tk Tk Tk \,/npr/specialmusic/2014/12/20141203_specialmusic_sunkilmoon,Rock,,,Bob Boilen,Kevin Cole,,,,,
75,Susheela Raman,Sharabi,Queen Between,/assets/img/2014/12/03/susheela_sq.jpg,Anastasia Tsioulcas,Tk Tk Tk Tk Tk Tk Tk Tk Tk Tk Tk Tk \,/npr/specialmusic/2014/12/20141203_specialmusic_susheela,World,,,Anastasia Tsioulcas,Felix Contreras,,,,,
27,Sylvan Esso,Coffee,Sylvan Esso,/assets/img/2014/12/02/sylvan_esso_sq.jpg,Bob Boilen,Tk Tk Tk Tk Tk Tk Tk Tk Tk Tk Tk Tk \,/npr/ascsongs/2014/12/20141202_ascsongs_coffee,Rock,Pop,,Bob Boilen,Kevin Cole,,,,,
154,Taylor Swift,Blank Space,1989,/assets/img/2014/12/04/swift27f-1-web_sq.jpg,Ann Powers,Tk Tk Tk Tk Tk Tk Tk Tk Tk Tk Tk Tk \,/npr/specialmusic/2014/12/20141203_specialmusic_taylor,Pop,,,Lars Gotrich,Stephen Thompson,,,,,
137,Temples,Shelter Song,Sun Structures,/assets/img/2014/12/04/temples_sq.jpg,Robin Hilton,Tk Tk Tk Tk Tk Tk Tk Tk Tk Tk Tk Tk \,/npr/specialmusic/2014/12/20141203_specialmusic_temples,Rock,,,Kevin Cole,David Dye,,,,,
33,The 2 Bears,Not This Time,The Night Is Young,/assets/img/2014/11/20/2bears_sq.jpg,Otis Hart,Tk Tk Tk Tk Tk Tk Tk Tk Tk Tk Tk Tk \,/npr/specialmusic/2014/12/20141203_specialmusic_2bears_notthistime,Pop,Electronic / Dance,,,,,,,,
248,The Antlers,Palace,Familiars,,Bob Boilen,Tk Tk Tk Tk Tk Tk Tk Tk Tk Tk Tk Tk \,/npr/asc/2014/04/20140422_asc_03,Rock,,,Bob Boilen,,,,,,
6,The Black Keys,Weight Of Love,Turn Blue,,Robin Hilton,Tk Tk Tk Tk Tk Tk Tk Tk Tk Tk Tk Tk \,/npr/ascsongs/2014/12/20141202_ascsongs_weight,Rock,,,Robin Hilton,,,,,,
66,The Both,Milwaukee,The Both,/assets/img/2014/12/03/theboth_sq.jpg,Patrick Jarenwattananon,Tk Tk Tk Tk Tk Tk Tk Tk Tk Tk Tk Tk \,/npr/specialmusic/2014/12/20141203_specialmusic_theboth_milwaukee,Rock,,,Patrick Jarenwattananon,,,,,,
98,The Hilliard Ensemble,"Lullay, I Saw",Transeamus,/assets/img/2014/12/03/hilliard_sq.jpg,Anastasia Tsioulcas,Tk Tk Tk Tk Tk Tk Tk Tk Tk Tk Tk Tk \,/npr/specialmusic/2014/12/20141203_specialmusic_hilliard,Classical,,,Anastasia Tsioulcas,,,,,,
18,The New Pornographers,Brill Bruisers,Brill Bruisers,/assets/img/2014/12/02/ole-1047-new-pornographers_brillbruisers_albumpackshot_sq.jpg,Bob Boilen,Tk Tk Tk Tk Tk Tk Tk Tk Tk Tk Tk Tk \,/npr/ascsongs/2014/12/20141202_ascsongs_brill,Rock,,,Bob Boilen,Robin Hilton,Jason Bentley,,,,
125,The Soft Pink Truth,Black Metal,Why Do the Heathen Rage?,/assets/img/2014/12/02/softpinktruth_sq.jpg,Lars Gotrich,Tk Tk Tk Tk Tk Tk Tk Tk Tk Tk Tk Tk \,/npr/specialmusic/2014/12/20141203_specialmusic_pinktruth,\m/ >_< \m/,,,Ann Powers,Lars Gotrich,,,,,
113,The War On Drugs,Under the Pressure,Lost In The Dream,/assets/img/2014/12/04/warondrugs_sq.jpg,Jacob Ganz,Tk Tk Tk Tk Tk Tk Tk Tk Tk Tk Tk Tk \,/npr/fl/2014/03/20140304_fl_wod01,Rock,,,David Dye,Rita Houston,Jason Bentley,,,,
133,Tiny Ruins,Me At The Museum You In The Wintergardens,Brightly Painted One,/assets/img/2014/12/04/tinyruins_sq.jpg,Bob Boilen,Tk Tk Tk Tk Tk Tk Tk Tk Tk Tk Tk Tk \,/npr/specialmusic/2014/12/20141203_specialmusic_tinyruins,Rock,,,Bob Boilen,Stephen Thompson,,,,,
134,TV On The Radio,Seeds,Seeds,/assets/img/2014/12/04/tvontheradio_sq.jpg,Ann Powers,Tk Tk Tk Tk Tk Tk Tk Tk Tk Tk Tk Tk \,/npr/specialmusic/2014/12/20141203_specialmusic_seeds,Rock,,,David Dye,Ann Powers,,,,,
173,Tweedy,High As Hello,Sukierae,,Bob Boilen,Tk Tk Tk Tk Tk Tk Tk Tk Tk Tk Tk Tk \,/npr/fl/2014/09/20140910_fl_tweedy02,Rock,,,Robin Hilton,,,,,,
155,Ty Segall,Feel,Manipulator,/assets/img/2014/12/04/ty-manipulator_sq.jpg,Robin Hilton,Tk Tk Tk Tk Tk Tk Tk Tk Tk Tk Tk Tk \,/npr/specialmusic/2014/12/20141203_specialmusic_tysegall,Rock,,,Robin Hilton,Jason Bentley,Kevin Cole,,,,
67,Usher,Good Kisser,Good Kisser,/assets/img/2014/12/03/usher-good-kisser_sq.jpg,Kiana Fitzgerald,Tk Tk Tk Tk Tk Tk Tk Tk Tk Tk Tk Tk \,/npr/specialmusic/2014/12/20141203_specialmusic_usher_goodkisser,R&B,Pop,,Jason King,,,,,,
175,Vic Mensa,Down On My Luck,Down On My Luck,/assets/img/2014/12/04/vic-mensa-down-on-my-luck_sq.jpg,Cedric Shine,Tk Tk Tk Tk Tk Tk Tk Tk Tk Tk Tk Tk \,/npr/specialmusic/2014/12/20141203_specialmusic_vic,Hip-Hop,,,,,,,,,
68,Weezer,Cleopatra,Everything Will Be Alright In The End,/assets/img/2014/12/03/weezer-everything-will-be-alright-in-the-end-2014-1200x1200_sq.jpg,Robin Hilton,Tk Tk Tk Tk Tk Tk Tk Tk Tk Tk Tk Tk \,/npr/specialmusic/2014/12/20141203_specialmusic_weezer_cleopatra,Rock,,,Robin Hilton,,,,,,
69,White Lung,Wrong Star,Deep Fantasy,/assets/img/2014/12/03/whitelung_deepfantasy_sq.jpg,Jacob Ganz,Tk Tk Tk Tk Tk Tk Tk Tk Tk Tk Tk Tk \,/npr/specialmusic/2014/12/20141203_specialmusic_whitelung_wrongstar,Rock,,,Lars Gotrich,,,,,,
176,Wild Beasts,Wanderlust,Present Tense,/assets/img/2014/12/04/wild-beasts-present-tense1_sq.jpg,Jacob Ganz,Tk Tk Tk Tk Tk Tk Tk Tk Tk Tk Tk Tk \,/npr/specialmusic/2014/12/20141203_specialmusic_wanderlust,Rock,,,,,,,,,
177,Willie Nelson,The Wall,Band of Brothers,/assets/img/2014/12/04/willienelson_sq.jpg,Jacob Ganz,Tk Tk Tk Tk Tk Tk Tk Tk Tk Tk Tk Tk \,/npr/specialmusic/2014/12/20141203_specialmusic_wall,Country,,,,,,,,,
143,Witch Mountain,Psycho Animundi,Mobile of Angels,/assets/img/2014/12/05/witchmountain_sq.jpg,Lars Gotrich,Tk Tk Tk Tk Tk Tk Tk Tk Tk Tk Tk Tk \,/npr/asc/2014/07/20140721_asc_psycho,\m/ >_< \m/,,,Lars Gotrich,,,,,,
114,Yasmine Hamdan,Deny,Ya Nass,/assets/img/2014/12/04/yasmine-hamdan_sq.jpg,Anastasia Tsioulcas,Tk Tk Tk Tk Tk Tk Tk Tk Tk Tk Tk Tk \,/npr/fl/2014/03/20140310_fl_yanass01,World,,,Anastasia Tsioulcas,Patrick Jarenwattananon,,,,,
132,YMusic,Turner: The Bear & The Squirrel,Balance Problems,/assets/img/2014/12/04/ymusic_sq.jpg,Jacob Ganz,Tk Tk Tk Tk Tk Tk Tk Tk Tk Tk Tk Tk \,/npr/specialmusic/2014/12/20141203_specialmusic_turner,Classical,,,,,,,,,
170,Zammuto,Hegemony,Anchor,,Robin Hilton,Tk Tk Tk Tk Tk Tk Tk Tk Tk Tk Tk Tk \,/npr/asc/2014/07/20140722_asc_05,Rock,,,Robin Hilton,,,,,,
168,Zara McFarlane,Police & Thieves,If You Knew Her,/assets/img/2014/12/05/zaramcfarlane_sq.jpg,Patrick Jarenwattananon,Tk Tk Tk Tk Tk Tk Tk Tk Tk Tk Tk Tk \,/npr/specials/2014/06/20140619_specials_thieves,Jazz,,,Patrick Jarenwattananon,,,,,,